flightNumber,origin,destination,distance,duration,departureTime,arrivalTime,aircraft
8638,"{'code': 'DFW', 'city': 'Dallas-Fort Worth', 'timezone': 'America/Chicago', 'location': {'latitude': 32.8998, 'longitude': 97.0403}}","{'code': 'ORD', 'city': 'Chicago', 'timezone': 'America/Chicago', 'location': {'latitude': 41.9742, 'longitude': 87.9073}}",802,"{'locale': '2h 19m', 'hours': 2, 'minutes': 19}",2020-01-03T03:27:40.000-06:00,2020-01-03T05:46:40.000-06:00,"{'model': '757', 'passengerCapacity': {'total': 176, 'main': 160, 'first': 16}, 'speed': 380}"
1268,"{'code': 'DFW', 'city': 'Dallas-Fort Worth', 'timezone': 'America/Chicago', 'location': {'latitude': 32.8998, 'longitude': 97.0403}}","{'code': 'ORD', 'city': 'Chicago', 'timezone': 'America/Chicago', 'location': {'latitude': 41.9742, 'longitude': 87.9073}}",802,"{'locale': '2h 6m', 'hours': 2, 'minutes': 6}",2020-01-03T06:06:20.000-06:00,2020-01-03T08:12:20.000-06:00,"{'model': '321', 'passengerCapacity': {'total': 181, 'main': 165, 'first': 16}, 'speed': 400}"
5866,"{'code': 'DFW', 'city': 'Dallas-Fort Worth', 'timezone': 'America/Chicago', 'location': {'latitude': 32.8998, 'longitude': 97.0403}}","{'code': 'ORD', 'city': 'Chicago', 'timezone': 'America/Chicago', 'location': {'latitude': 41.9742, 'longitude': 87.9073}}",802,"{'locale': '2h 14m', 'hours': 2, 'minutes': 14}",2020-01-03T08:17:00.000-06:00,2020-01-03T10:31:00.000-06:00,"{'model': '757', 'passengerCapacity': {'total': 176, 'main': 160, 'first': 16}, 'speed': 380}"
6980,"{'code': 'DFW', 'city': 'Dallas-Fort Worth', 'timezone': 'America/Chicago', 'location': {'latitude': 32.8998, 'longitude': 97.0403}}","{'code': 'ORD', 'city': 'Chicago', 'timezone': 'America/Chicago', 'location': {'latitude': 41.9742, 'longitude': 87.9073}}",802,"{'locale': '2h 14m', 'hours': 2, 'minutes': 14}",2020-01-03T10:27:40.000-06:00,2020-01-03T12:41:40.000-06:00,"{'model': '757', 'passengerCapacity': {'total': 176, 'main': 160, 'first': 16}, 'speed': 380}"
9081,"{'code': 'DFW', 'city': 'Dallas-Fort Worth', 'timezone': 'America/Chicago', 'location': {'latitude': 32.8998, 'longitude': 97.0403}}","{'code': 'ORD', 'city': 'Chicago', 'timezone': 'America/Chicago', 'location': {'latitude': 41.9742, 'longitude': 87.9073}}",802,"{'locale': '2h 0m', 'hours': 2, 'minutes': 0}",2020-01-03T12:58:20.000-06:00,2020-01-03T14:58:20.000-06:00,"{'model': '321', 'passengerCapacity': {'total': 181, 'main': 165, 'first': 16}, 'speed': 400}"
9401,"{'code': 'DFW', 'city': 'Dallas-Fort Worth', 'timezone': 'America/Chicago', 'location': {'latitude': 32.8998, 'longitude': 97.0403}}","{'code': 'ORD', 'city': 'Chicago', 'timezone': 'America/Chicago', 'location': {'latitude': 41.9742, 'longitude': 87.9073}}",802,"{'locale': '2h 9m', 'hours': 2, 'minutes': 9}",2020-01-03T15:18:00.000-06:00,2020-01-03T17:27:00.000-06:00,"{'model': '321', 'passengerCapacity': {'total': 181, 'main': 165, 'first': 16}, 'speed': 400}"
2236,"{'code': 'DFW', 'city': 'Dallas-Fort Worth', 'timezone': 'America/Chicago', 'location': {'latitude': 32.8998, 'longitude': 97.0403}}","{'code': 'ORD', 'city': 'Chicago', 'timezone': 'America/Chicago', 'location': {'latitude': 41.9742, 'longitude': 87.9073}}",802,"{'locale': '2h 12m', 'hours': 2, 'minutes': 12}",2020-01-03T17:34:40.000-06:00,2020-01-03T19:46:40.000-06:00,"{'model': '321', 'passengerCapacity': {'total': 181, 'main': 165, 'first': 16}, 'speed': 400}"
8861,"{'code': 'DFW', 'city': 'Dallas-Fort Worth', 'timezone': 'America/Chicago', 'location': {'latitude': 32.8998, 'longitude': 97.0403}}","{'code': 'ORD', 'city': 'Chicago', 'timezone': 'America/Chicago', 'location': {'latitude': 41.9742, 'longitude': 87.9073}}",802,"{'locale': '2h 7m', 'hours': 2, 'minutes': 7}",2020-01-03T19:56:20.000-06:00,2020-01-03T22:03:20.000-06:00,"{'model': '321', 'passengerCapacity': {'total': 181, 'main': 165, 'first': 16}, 'speed': 400}"
7953,"{'code': 'DFW', 'city': 'Dallas-Fort Worth', 'timezone': 'America/Chicago', 'location': {'latitude': 32.8998, 'longitude': 97.0403}}","{'code': 'ORD', 'city': 'Chicago', 'timezone': 'America/Chicago', 'location': {'latitude': 41.9742, 'longitude': 87.9073}}",802,"{'locale': '2h 0m', 'hours': 2, 'minutes': 0}",2020-01-03T22:24:00.000-06:00,2020-01-04T00:24:00.000-06:00,"{'model': '321', 'passengerCapacity': {'total': 181, 'main': 165, 'first': 16}, 'speed': 400}"
8186,"{'code': 'DFW', 'city': 'Dallas-Fort Worth', 'timezone': 'America/Chicago', 'location': {'latitude': 32.8998, 'longitude': 97.0403}}","{'code': 'ORD', 'city': 'Chicago', 'timezone': 'America/Chicago', 'location': {'latitude': 41.9742, 'longitude': 87.9073}}",802,"{'locale': '2h 3m', 'hours': 2, 'minutes': 3}",2020-01-04T00:39:40.000-06:00,2020-01-04T02:42:40.000-06:00,"{'model': '321', 'passengerCapacity': {'total': 181, 'main': 165, 'first': 16}, 'speed': 400}"
1292,"{'code': 'DFW', 'city': 'Dallas-Fort Worth', 'timezone': 'America/Chicago', 'location': {'latitude': 32.8998, 'longitude': 97.0403}}","{'code': 'LAX', 'city': 'Los Angeles', 'timezone': 'America/Los_Angeles', 'location': {'latitude': 33.9416, 'longitude': 118.4085}}",1234,"{'locale': '3h 18m', 'hours': 3, 'minutes': 18}",2020-01-03T03:03:00.000-06:00,2020-01-03T04:21:00.000-08:00,"{'model': '757', 'passengerCapacity': {'total': 176, 'main': 160, 'first': 16}, 'speed': 380}"
1343,"{'code': 'DFW', 'city': 'Dallas-Fort Worth', 'timezone': 'America/Chicago', 'location': {'latitude': 32.8998, 'longitude': 97.0403}}","{'code': 'LAX', 'city': 'Los Angeles', 'timezone': 'America/Los_Angeles', 'location': {'latitude': 33.9416, 'longitude': 118.4085}}",1234,"{'locale': '3h 19m', 'hours': 3, 'minutes': 19}",2020-01-03T05:03:00.000-06:00,2020-01-03T06:22:00.000-08:00,"{'model': '757', 'passengerCapacity': {'total': 176, 'main': 160, 'first': 16}, 'speed': 380}"
5543,"{'code': 'DFW', 'city': 'Dallas-Fort Worth', 'timezone': 'America/Chicago', 'location': {'latitude': 32.8998, 'longitude': 97.0403}}","{'code': 'LAX', 'city': 'Los Angeles', 'timezone': 'America/Los_Angeles', 'location': {'latitude': 33.9416, 'longitude': 118.4085}}",1234,"{'locale': '3h 34m', 'hours': 3, 'minutes': 34}",2020-01-03T06:50:00.000-06:00,2020-01-03T08:24:00.000-08:00,"{'model': '757', 'passengerCapacity': {'total': 176, 'main': 160, 'first': 16}, 'speed': 380}"
4263,"{'code': 'DFW', 'city': 'Dallas-Fort Worth', 'timezone': 'America/Chicago', 'location': {'latitude': 32.8998, 'longitude': 97.0403}}","{'code': 'LAX', 'city': 'Los Angeles', 'timezone': 'America/Los_Angeles', 'location': {'latitude': 33.9416, 'longitude': 118.4085}}",1234,"{'locale': '3h 12m', 'hours': 3, 'minutes': 12}",2020-01-03T08:46:00.000-06:00,2020-01-03T09:58:00.000-08:00,"{'model': '321', 'passengerCapacity': {'total': 181, 'main': 165, 'first': 16}, 'speed': 400}"
495,"{'code': 'DFW', 'city': 'Dallas-Fort Worth', 'timezone': 'America/Chicago', 'location': {'latitude': 32.8998, 'longitude': 97.0403}}","{'code': 'LAX', 'city': 'Los Angeles', 'timezone': 'America/Los_Angeles', 'location': {'latitude': 33.9416, 'longitude': 118.4085}}",1234,"{'locale': '3h 13m', 'hours': 3, 'minutes': 13}",2020-01-03T10:37:00.000-06:00,2020-01-03T11:50:00.000-08:00,"{'model': '321', 'passengerCapacity': {'total': 181, 'main': 165, 'first': 16}, 'speed': 400}"
6785,"{'code': 'DFW', 'city': 'Dallas-Fort Worth', 'timezone': 'America/Chicago', 'location': {'latitude': 32.8998, 'longitude': 97.0403}}","{'code': 'LAX', 'city': 'Los Angeles', 'timezone': 'America/Los_Angeles', 'location': {'latitude': 33.9416, 'longitude': 118.4085}}",1234,"{'locale': '3h 21m', 'hours': 3, 'minutes': 21}",2020-01-03T12:28:00.000-06:00,2020-01-03T13:49:00.000-08:00,"{'model': '738', 'passengerCapacity': {'total': 160, 'main': 144, 'first': 16}, 'speed': 400}"
8379,"{'code': 'DFW', 'city': 'Dallas-Fort Worth', 'timezone': 'America/Chicago', 'location': {'latitude': 32.8998, 'longitude': 97.0403}}","{'code': 'LAX', 'city': 'Los Angeles', 'timezone': 'America/Los_Angeles', 'location': {'latitude': 33.9416, 'longitude': 118.4085}}",1234,"{'locale': '3h 27m', 'hours': 3, 'minutes': 27}",2020-01-03T14:31:00.000-06:00,2020-01-03T15:58:00.000-08:00,"{'model': '757', 'passengerCapacity': {'total': 176, 'main': 160, 'first': 16}, 'speed': 380}"
2880,"{'code': 'DFW', 'city': 'Dallas-Fort Worth', 'timezone': 'America/Chicago', 'location': {'latitude': 32.8998, 'longitude': 97.0403}}","{'code': 'LAX', 'city': 'Los Angeles', 'timezone': 'America/Los_Angeles', 'location': {'latitude': 33.9416, 'longitude': 118.4085}}",1234,"{'locale': '3h 10m', 'hours': 3, 'minutes': 10}",2020-01-03T16:03:00.000-06:00,2020-01-03T17:13:00.000-08:00,"{'model': '321', 'passengerCapacity': {'total': 181, 'main': 165, 'first': 16}, 'speed': 400}"
8590,"{'code': 'DFW', 'city': 'Dallas-Fort Worth', 'timezone': 'America/Chicago', 'location': {'latitude': 32.8998, 'longitude': 97.0403}}","{'code': 'LAX', 'city': 'Los Angeles', 'timezone': 'America/Los_Angeles', 'location': {'latitude': 33.9416, 'longitude': 118.4085}}",1234,"{'locale': '3h 21m', 'hours': 3, 'minutes': 21}",2020-01-03T17:58:00.000-06:00,2020-01-03T19:19:00.000-08:00,"{'model': '757', 'passengerCapacity': {'total': 176, 'main': 160, 'first': 16}, 'speed': 380}"
6672,"{'code': 'DFW', 'city': 'Dallas-Fort Worth', 'timezone': 'America/Chicago', 'location': {'latitude': 32.8998, 'longitude': 97.0403}}","{'code': 'LAX', 'city': 'Los Angeles', 'timezone': 'America/Los_Angeles', 'location': {'latitude': 33.9416, 'longitude': 118.4085}}",1234,"{'locale': '3h 27m', 'hours': 3, 'minutes': 27}",2020-01-03T20:02:00.000-06:00,2020-01-03T21:29:00.000-08:00,"{'model': '757', 'passengerCapacity': {'total': 176, 'main': 160, 'first': 16}, 'speed': 380}"
7206,"{'code': 'DFW', 'city': 'Dallas-Fort Worth', 'timezone': 'America/Chicago', 'location': {'latitude': 32.8998, 'longitude': 97.0403}}","{'code': 'LAX', 'city': 'Los Angeles', 'timezone': 'America/Los_Angeles', 'location': {'latitude': 33.9416, 'longitude': 118.4085}}",1234,"{'locale': '3h 8m', 'hours': 3, 'minutes': 8}",2020-01-03T22:08:00.000-06:00,2020-01-03T23:16:00.000-08:00,"{'model': '321', 'passengerCapacity': {'total': 181, 'main': 165, 'first': 16}, 'speed': 400}"
1402,"{'code': 'DFW', 'city': 'Dallas-Fort Worth', 'timezone': 'America/Chicago', 'location': {'latitude': 32.8998, 'longitude': 97.0403}}","{'code': 'LAX', 'city': 'Los Angeles', 'timezone': 'America/Los_Angeles', 'location': {'latitude': 33.9416, 'longitude': 118.4085}}",1234,"{'locale': '3h 31m', 'hours': 3, 'minutes': 31}",2020-01-04T00:16:00.000-06:00,2020-01-04T01:47:00.000-08:00,"{'model': '757', 'passengerCapacity': {'total': 176, 'main': 160, 'first': 16}, 'speed': 380}"
5437,"{'code': 'DFW', 'city': 'Dallas-Fort Worth', 'timezone': 'America/Chicago', 'location': {'latitude': 32.8998, 'longitude': 97.0403}}","{'code': 'LAX', 'city': 'Los Angeles', 'timezone': 'America/Los_Angeles', 'location': {'latitude': 33.9416, 'longitude': 118.4085}}",1234,"{'locale': '3h 14m', 'hours': 3, 'minutes': 14}",2020-01-04T02:17:00.000-06:00,2020-01-04T03:31:00.000-08:00,"{'model': '321', 'passengerCapacity': {'total': 181, 'main': 165, 'first': 16}, 'speed': 400}"
7057,"{'code': 'DFW', 'city': 'Dallas-Fort Worth', 'timezone': 'America/Chicago', 'location': {'latitude': 32.8998, 'longitude': 97.0403}}","{'code': 'JFK', 'city': 'New York City', 'timezone': 'America/New_York', 'location': {'latitude': 40.6413, 'longitude': 73.7781}}",1390,"{'locale': '3h 51m', 'hours': 3, 'minutes': 51}",2020-01-03T03:44:00.000-06:00,2020-01-03T08:35:00.000-05:00,"{'model': '757', 'passengerCapacity': {'total': 176, 'main': 160, 'first': 16}, 'speed': 380}"
1400,"{'code': 'DFW', 'city': 'Dallas-Fort Worth', 'timezone': 'America/Chicago', 'location': {'latitude': 32.8998, 'longitude': 97.0403}}","{'code': 'JFK', 'city': 'New York City', 'timezone': 'America/New_York', 'location': {'latitude': 40.6413, 'longitude': 73.7781}}",1390,"{'locale': '3h 50m', 'hours': 3, 'minutes': 50}",2020-01-03T06:38:00.000-06:00,2020-01-03T11:28:00.000-05:00,"{'model': '757', 'passengerCapacity': {'total': 176, 'main': 160, 'first': 16}, 'speed': 380}"
6654,"{'code': 'DFW', 'city': 'Dallas-Fort Worth', 'timezone': 'America/Chicago', 'location': {'latitude': 32.8998, 'longitude': 97.0403}}","{'code': 'JFK', 'city': 'New York City', 'timezone': 'America/New_York', 'location': {'latitude': 40.6413, 'longitude': 73.7781}}",1390,"{'locale': '3h 40m', 'hours': 3, 'minutes': 40}",2020-01-03T09:41:00.000-06:00,2020-01-03T14:21:00.000-05:00,"{'model': '757', 'passengerCapacity': {'total': 176, 'main': 160, 'first': 16}, 'speed': 380}"
629,"{'code': 'DFW', 'city': 'Dallas-Fort Worth', 'timezone': 'America/Chicago', 'location': {'latitude': 32.8998, 'longitude': 97.0403}}","{'code': 'JFK', 'city': 'New York City', 'timezone': 'America/New_York', 'location': {'latitude': 40.6413, 'longitude': 73.7781}}",1390,"{'locale': '3h 38m', 'hours': 3, 'minutes': 38}",2020-01-03T12:27:00.000-06:00,2020-01-03T17:05:00.000-05:00,"{'model': '321', 'passengerCapacity': {'total': 181, 'main': 165, 'first': 16}, 'speed': 400}"
751,"{'code': 'DFW', 'city': 'Dallas-Fort Worth', 'timezone': 'America/Chicago', 'location': {'latitude': 32.8998, 'longitude': 97.0403}}","{'code': 'JFK', 'city': 'New York City', 'timezone': 'America/New_York', 'location': {'latitude': 40.6413, 'longitude': 73.7781}}",1390,"{'locale': '3h 42m', 'hours': 3, 'minutes': 42}",2020-01-03T15:28:00.000-06:00,2020-01-03T20:10:00.000-05:00,"{'model': '738', 'passengerCapacity': {'total': 160, 'main': 144, 'first': 16}, 'speed': 400}"
2613,"{'code': 'DFW', 'city': 'Dallas-Fort Worth', 'timezone': 'America/Chicago', 'location': {'latitude': 32.8998, 'longitude': 97.0403}}","{'code': 'JFK', 'city': 'New York City', 'timezone': 'America/New_York', 'location': {'latitude': 40.6413, 'longitude': 73.7781}}",1390,"{'locale': '3h 31m', 'hours': 3, 'minutes': 31}",2020-01-03T18:10:00.000-06:00,2020-01-03T22:41:00.000-05:00,"{'model': '738', 'passengerCapacity': {'total': 160, 'main': 144, 'first': 16}, 'speed': 400}"
2175,"{'code': 'DFW', 'city': 'Dallas-Fort Worth', 'timezone': 'America/Chicago', 'location': {'latitude': 32.8998, 'longitude': 97.0403}}","{'code': 'JFK', 'city': 'New York City', 'timezone': 'America/New_York', 'location': {'latitude': 40.6413, 'longitude': 73.7781}}",1390,"{'locale': '3h 48m', 'hours': 3, 'minutes': 48}",2020-01-03T20:41:00.000-06:00,2020-01-04T01:29:00.000-05:00,"{'model': '321', 'passengerCapacity': {'total': 181, 'main': 165, 'first': 16}, 'speed': 400}"
7835,"{'code': 'DFW', 'city': 'Dallas-Fort Worth', 'timezone': 'America/Chicago', 'location': {'latitude': 32.8998, 'longitude': 97.0403}}","{'code': 'JFK', 'city': 'New York City', 'timezone': 'America/New_York', 'location': {'latitude': 40.6413, 'longitude': 73.7781}}",1390,"{'locale': '3h 41m', 'hours': 3, 'minutes': 41}",2020-01-03T23:35:00.000-06:00,2020-01-04T04:16:00.000-05:00,"{'model': '738', 'passengerCapacity': {'total': 160, 'main': 144, 'first': 16}, 'speed': 400}"
8272,"{'code': 'DFW', 'city': 'Dallas-Fort Worth', 'timezone': 'America/Chicago', 'location': {'latitude': 32.8998, 'longitude': 97.0403}}","{'code': 'JFK', 'city': 'New York City', 'timezone': 'America/New_York', 'location': {'latitude': 40.6413, 'longitude': 73.7781}}",1390,"{'locale': '3h 45m', 'hours': 3, 'minutes': 45}",2020-01-04T02:09:00.000-06:00,2020-01-04T06:54:00.000-05:00,"{'model': '738', 'passengerCapacity': {'total': 160, 'main': 144, 'first': 16}, 'speed': 400}"
295,"{'code': 'JFK', 'city': 'New York City', 'timezone': 'America/New_York', 'location': {'latitude': 40.6413, 'longitude': 73.7781}}","{'code': 'ORD', 'city': 'Chicago', 'timezone': 'America/Chicago', 'location': {'latitude': 41.9742, 'longitude': 87.9073}}",739,"{'locale': '1h 56m', 'hours': 1, 'minutes': 56}",2020-01-03T02:33:00.000-05:00,2020-01-03T03:29:00.000-06:00,"{'model': '321', 'passengerCapacity': {'total': 181, 'main': 165, 'first': 16}, 'speed': 400}"
8771,"{'code': 'JFK', 'city': 'New York City', 'timezone': 'America/New_York', 'location': {'latitude': 40.6413, 'longitude': 73.7781}}","{'code': 'ORD', 'city': 'Chicago', 'timezone': 'America/Chicago', 'location': {'latitude': 41.9742, 'longitude': 87.9073}}",739,"{'locale': '2h 7m', 'hours': 2, 'minutes': 7}",2020-01-03T04:17:00.000-05:00,2020-01-03T05:24:00.000-06:00,"{'model': '757', 'passengerCapacity': {'total': 176, 'main': 160, 'first': 16}, 'speed': 380}"
9493,"{'code': 'JFK', 'city': 'New York City', 'timezone': 'America/New_York', 'location': {'latitude': 40.6413, 'longitude': 73.7781}}","{'code': 'ORD', 'city': 'Chicago', 'timezone': 'America/Chicago', 'location': {'latitude': 41.9742, 'longitude': 87.9073}}",739,"{'locale': '1h 53m', 'hours': 1, 'minutes': 53}",2020-01-03T06:01:00.000-05:00,2020-01-03T06:54:00.000-06:00,"{'model': '738', 'passengerCapacity': {'total': 160, 'main': 144, 'first': 16}, 'speed': 400}"
5216,"{'code': 'JFK', 'city': 'New York City', 'timezone': 'America/New_York', 'location': {'latitude': 40.6413, 'longitude': 73.7781}}","{'code': 'ORD', 'city': 'Chicago', 'timezone': 'America/Chicago', 'location': {'latitude': 41.9742, 'longitude': 87.9073}}",739,"{'locale': '1h 59m', 'hours': 1, 'minutes': 59}",2020-01-03T07:20:00.000-05:00,2020-01-03T08:19:00.000-06:00,"{'model': '757', 'passengerCapacity': {'total': 176, 'main': 160, 'first': 16}, 'speed': 380}"
9590,"{'code': 'JFK', 'city': 'New York City', 'timezone': 'America/New_York', 'location': {'latitude': 40.6413, 'longitude': 73.7781}}","{'code': 'ORD', 'city': 'Chicago', 'timezone': 'America/Chicago', 'location': {'latitude': 41.9742, 'longitude': 87.9073}}",739,"{'locale': '2h 1m', 'hours': 2, 'minutes': 1}",2020-01-03T08:42:00.000-05:00,2020-01-03T09:43:00.000-06:00,"{'model': '321', 'passengerCapacity': {'total': 181, 'main': 165, 'first': 16}, 'speed': 400}"
9549,"{'code': 'JFK', 'city': 'New York City', 'timezone': 'America/New_York', 'location': {'latitude': 40.6413, 'longitude': 73.7781}}","{'code': 'ORD', 'city': 'Chicago', 'timezone': 'America/Chicago', 'location': {'latitude': 41.9742, 'longitude': 87.9073}}",739,"{'locale': '1h 56m', 'hours': 1, 'minutes': 56}",2020-01-03T10:27:00.000-05:00,2020-01-03T11:23:00.000-06:00,"{'model': '321', 'passengerCapacity': {'total': 181, 'main': 165, 'first': 16}, 'speed': 400}"
3482,"{'code': 'JFK', 'city': 'New York City', 'timezone': 'America/New_York', 'location': {'latitude': 40.6413, 'longitude': 73.7781}}","{'code': 'ORD', 'city': 'Chicago', 'timezone': 'America/Chicago', 'location': {'latitude': 41.9742, 'longitude': 87.9073}}",739,"{'locale': '2h 0m', 'hours': 2, 'minutes': 0}",2020-01-03T11:35:00.000-05:00,2020-01-03T12:35:00.000-06:00,"{'model': '738', 'passengerCapacity': {'total': 160, 'main': 144, 'first': 16}, 'speed': 400}"
2763,"{'code': 'JFK', 'city': 'New York City', 'timezone': 'America/New_York', 'location': {'latitude': 40.6413, 'longitude': 73.7781}}","{'code': 'ORD', 'city': 'Chicago', 'timezone': 'America/Chicago', 'location': {'latitude': 41.9742, 'longitude': 87.9073}}",739,"{'locale': '1h 54m', 'hours': 1, 'minutes': 54}",2020-01-03T12:54:00.000-05:00,2020-01-03T13:48:00.000-06:00,"{'model': '738', 'passengerCapacity': {'total': 160, 'main': 144, 'first': 16}, 'speed': 400}"
2006,"{'code': 'JFK', 'city': 'New York City', 'timezone': 'America/New_York', 'location': {'latitude': 40.6413, 'longitude': 73.7781}}","{'code': 'ORD', 'city': 'Chicago', 'timezone': 'America/Chicago', 'location': {'latitude': 41.9742, 'longitude': 87.9073}}",739,"{'locale': '1h 53m', 'hours': 1, 'minutes': 53}",2020-01-03T14:16:00.000-05:00,2020-01-03T15:09:00.000-06:00,"{'model': '321', 'passengerCapacity': {'total': 181, 'main': 165, 'first': 16}, 'speed': 400}"
7573,"{'code': 'JFK', 'city': 'New York City', 'timezone': 'America/New_York', 'location': {'latitude': 40.6413, 'longitude': 73.7781}}","{'code': 'ORD', 'city': 'Chicago', 'timezone': 'America/Chicago', 'location': {'latitude': 41.9742, 'longitude': 87.9073}}",739,"{'locale': '1h 54m', 'hours': 1, 'minutes': 54}",2020-01-03T15:53:00.000-05:00,2020-01-03T16:47:00.000-06:00,"{'model': '738', 'passengerCapacity': {'total': 160, 'main': 144, 'first': 16}, 'speed': 400}"
620,"{'code': 'JFK', 'city': 'New York City', 'timezone': 'America/New_York', 'location': {'latitude': 40.6413, 'longitude': 73.7781}}","{'code': 'ORD', 'city': 'Chicago', 'timezone': 'America/Chicago', 'location': {'latitude': 41.9742, 'longitude': 87.9073}}",739,"{'locale': '1h 55m', 'hours': 1, 'minutes': 55}",2020-01-03T17:26:00.000-05:00,2020-01-03T18:21:00.000-06:00,"{'model': '738', 'passengerCapacity': {'total': 160, 'main': 144, 'first': 16}, 'speed': 400}"
883,"{'code': 'JFK', 'city': 'New York City', 'timezone': 'America/New_York', 'location': {'latitude': 40.6413, 'longitude': 73.7781}}","{'code': 'ORD', 'city': 'Chicago', 'timezone': 'America/Chicago', 'location': {'latitude': 41.9742, 'longitude': 87.9073}}",739,"{'locale': '1h 55m', 'hours': 1, 'minutes': 55}",2020-01-03T19:12:00.000-05:00,2020-01-03T20:07:00.000-06:00,"{'model': '321', 'passengerCapacity': {'total': 181, 'main': 165, 'first': 16}, 'speed': 400}"
6740,"{'code': 'JFK', 'city': 'New York City', 'timezone': 'America/New_York', 'location': {'latitude': 40.6413, 'longitude': 73.7781}}","{'code': 'ORD', 'city': 'Chicago', 'timezone': 'America/Chicago', 'location': {'latitude': 41.9742, 'longitude': 87.9073}}",739,"{'locale': '1h 54m', 'hours': 1, 'minutes': 54}",2020-01-03T20:47:00.000-05:00,2020-01-03T21:41:00.000-06:00,"{'model': '738', 'passengerCapacity': {'total': 160, 'main': 144, 'first': 16}, 'speed': 400}"
6091,"{'code': 'JFK', 'city': 'New York City', 'timezone': 'America/New_York', 'location': {'latitude': 40.6413, 'longitude': 73.7781}}","{'code': 'ORD', 'city': 'Chicago', 'timezone': 'America/Chicago', 'location': {'latitude': 41.9742, 'longitude': 87.9073}}",739,"{'locale': '1h 54m', 'hours': 1, 'minutes': 54}",2020-01-03T22:35:00.000-05:00,2020-01-03T23:29:00.000-06:00,"{'model': '738', 'passengerCapacity': {'total': 160, 'main': 144, 'first': 16}, 'speed': 400}"
1309,"{'code': 'JFK', 'city': 'New York City', 'timezone': 'America/New_York', 'location': {'latitude': 40.6413, 'longitude': 73.7781}}","{'code': 'ORD', 'city': 'Chicago', 'timezone': 'America/Chicago', 'location': {'latitude': 41.9742, 'longitude': 87.9073}}",739,"{'locale': '2h 0m', 'hours': 2, 'minutes': 0}",2020-01-03T23:51:00.000-05:00,2020-01-04T00:51:00.000-06:00,"{'model': '738', 'passengerCapacity': {'total': 160, 'main': 144, 'first': 16}, 'speed': 400}"
618,"{'code': 'JFK', 'city': 'New York City', 'timezone': 'America/New_York', 'location': {'latitude': 40.6413, 'longitude': 73.7781}}","{'code': 'ORD', 'city': 'Chicago', 'timezone': 'America/Chicago', 'location': {'latitude': 41.9742, 'longitude': 87.9073}}",739,"{'locale': '1h 51m', 'hours': 1, 'minutes': 51}",2020-01-04T00:59:00.000-05:00,2020-01-04T01:50:00.000-06:00,"{'model': '738', 'passengerCapacity': {'total': 160, 'main': 144, 'first': 16}, 'speed': 400}"
3802,"{'code': 'JFK', 'city': 'New York City', 'timezone': 'America/New_York', 'location': {'latitude': 40.6413, 'longitude': 73.7781}}","{'code': 'LAX', 'city': 'Los Angeles', 'timezone': 'America/Los_Angeles', 'location': {'latitude': 33.9416, 'longitude': 118.4085}}",2472,"{'locale': '6h 58m', 'hours': 6, 'minutes': 58}",2020-01-03T02:49:32.307-05:00,2020-01-03T06:47:32.307-08:00,"{'model': '757', 'passengerCapacity': {'total': 176, 'main': 160, 'first': 16}, 'speed': 380}"
9235,"{'code': 'JFK', 'city': 'New York City', 'timezone': 'America/New_York', 'location': {'latitude': 40.6413, 'longitude': 73.7781}}","{'code': 'LAX', 'city': 'Los Angeles', 'timezone': 'America/Los_Angeles', 'location': {'latitude': 33.9416, 'longitude': 118.4085}}",2472,"{'locale': '6h 48m', 'hours': 6, 'minutes': 48}",2020-01-03T04:28:04.614-05:00,2020-01-03T08:16:04.614-08:00,"{'model': '757', 'passengerCapacity': {'total': 176, 'main': 160, 'first': 16}, 'speed': 380}"
5028,"{'code': 'JFK', 'city': 'New York City', 'timezone': 'America/New_York', 'location': {'latitude': 40.6413, 'longitude': 73.7781}}","{'code': 'LAX', 'city': 'Los Angeles', 'timezone': 'America/Los_Angeles', 'location': {'latitude': 33.9416, 'longitude': 118.4085}}",2472,"{'locale': '6h 44m', 'hours': 6, 'minutes': 44}",2020-01-03T05:55:36.921-05:00,2020-01-03T09:39:36.921-08:00,"{'model': '321', 'passengerCapacity': {'total': 181, 'main': 165, 'first': 16}, 'speed': 400}"
8804,"{'code': 'JFK', 'city': 'New York City', 'timezone': 'America/New_York', 'location': {'latitude': 40.6413, 'longitude': 73.7781}}","{'code': 'LAX', 'city': 'Los Angeles', 'timezone': 'America/Los_Angeles', 'location': {'latitude': 33.9416, 'longitude': 118.4085}}",2472,"{'locale': '6h 14m', 'hours': 6, 'minutes': 14}",2020-01-03T07:45:09.228-05:00,2020-01-03T10:59:09.228-08:00,"{'model': '321', 'passengerCapacity': {'total': 181, 'main': 165, 'first': 16}, 'speed': 400}"
4711,"{'code': 'JFK', 'city': 'New York City', 'timezone': 'America/New_York', 'location': {'latitude': 40.6413, 'longitude': 73.7781}}","{'code': 'LAX', 'city': 'Los Angeles', 'timezone': 'America/Los_Angeles', 'location': {'latitude': 33.9416, 'longitude': 118.4085}}",2472,"{'locale': '6h 21m', 'hours': 6, 'minutes': 21}",2020-01-03T09:35:41.535-05:00,2020-01-03T12:56:41.535-08:00,"{'model': '321', 'passengerCapacity': {'total': 181, 'main': 165, 'first': 16}, 'speed': 400}"
1260,"{'code': 'JFK', 'city': 'New York City', 'timezone': 'America/New_York', 'location': {'latitude': 40.6413, 'longitude': 73.7781}}","{'code': 'LAX', 'city': 'Los Angeles', 'timezone': 'America/Los_Angeles', 'location': {'latitude': 33.9416, 'longitude': 118.4085}}",2472,"{'locale': '6h 21m', 'hours': 6, 'minutes': 21}",2020-01-03T11:36:13.842-05:00,2020-01-03T14:57:13.842-08:00,"{'model': '321', 'passengerCapacity': {'total': 181, 'main': 165, 'first': 16}, 'speed': 400}"
4362,"{'code': 'JFK', 'city': 'New York City', 'timezone': 'America/New_York', 'location': {'latitude': 40.6413, 'longitude': 73.7781}}","{'code': 'LAX', 'city': 'Los Angeles', 'timezone': 'America/Los_Angeles', 'location': {'latitude': 33.9416, 'longitude': 118.4085}}",2472,"{'locale': '6h 15m', 'hours': 6, 'minutes': 15}",2020-01-03T13:34:46.149-05:00,2020-01-03T16:49:46.149-08:00,"{'model': '321', 'passengerCapacity': {'total': 181, 'main': 165, 'first': 16}, 'speed': 400}"
1905,"{'code': 'JFK', 'city': 'New York City', 'timezone': 'America/New_York', 'location': {'latitude': 40.6413, 'longitude': 73.7781}}","{'code': 'LAX', 'city': 'Los Angeles', 'timezone': 'America/Los_Angeles', 'location': {'latitude': 33.9416, 'longitude': 118.4085}}",2472,"{'locale': '6h 40m', 'hours': 6, 'minutes': 40}",2020-01-03T15:22:18.456-05:00,2020-01-03T19:02:18.456-08:00,"{'model': '757', 'passengerCapacity': {'total': 176, 'main': 160, 'first': 16}, 'speed': 380}"
7831,"{'code': 'JFK', 'city': 'New York City', 'timezone': 'America/New_York', 'location': {'latitude': 40.6413, 'longitude': 73.7781}}","{'code': 'LAX', 'city': 'Los Angeles', 'timezone': 'America/Los_Angeles', 'location': {'latitude': 33.9416, 'longitude': 118.4085}}",2472,"{'locale': '6h 38m', 'hours': 6, 'minutes': 38}",2020-01-03T17:12:50.763-05:00,2020-01-03T20:50:50.763-08:00,"{'model': '757', 'passengerCapacity': {'total': 176, 'main': 160, 'first': 16}, 'speed': 380}"
565,"{'code': 'JFK', 'city': 'New York City', 'timezone': 'America/New_York', 'location': {'latitude': 40.6413, 'longitude': 73.7781}}","{'code': 'LAX', 'city': 'Los Angeles', 'timezone': 'America/Los_Angeles', 'location': {'latitude': 33.9416, 'longitude': 118.4085}}",2472,"{'locale': '6h 18m', 'hours': 6, 'minutes': 18}",2020-01-03T18:38:23.070-05:00,2020-01-03T21:56:23.070-08:00,"{'model': '738', 'passengerCapacity': {'total': 160, 'main': 144, 'first': 16}, 'speed': 400}"
7299,"{'code': 'JFK', 'city': 'New York City', 'timezone': 'America/New_York', 'location': {'latitude': 40.6413, 'longitude': 73.7781}}","{'code': 'LAX', 'city': 'Los Angeles', 'timezone': 'America/Los_Angeles', 'location': {'latitude': 33.9416, 'longitude': 118.4085}}",2472,"{'locale': '6h 57m', 'hours': 6, 'minutes': 57}",2020-01-03T20:00:55.377-05:00,2020-01-03T23:57:55.377-08:00,"{'model': '757', 'passengerCapacity': {'total': 176, 'main': 160, 'first': 16}, 'speed': 380}"
9501,"{'code': 'JFK', 'city': 'New York City', 'timezone': 'America/New_York', 'location': {'latitude': 40.6413, 'longitude': 73.7781}}","{'code': 'LAX', 'city': 'Los Angeles', 'timezone': 'America/Los_Angeles', 'location': {'latitude': 33.9416, 'longitude': 118.4085}}",2472,"{'locale': '6h 38m', 'hours': 6, 'minutes': 38}",2020-01-03T21:59:27.684-05:00,2020-01-04T01:37:27.684-08:00,"{'model': '757', 'passengerCapacity': {'total': 176, 'main': 160, 'first': 16}, 'speed': 380}"
5024,"{'code': 'JFK', 'city': 'New York City', 'timezone': 'America/New_York', 'location': {'latitude': 40.6413, 'longitude': 73.7781}}","{'code': 'LAX', 'city': 'Los Angeles', 'timezone': 'America/Los_Angeles', 'location': {'latitude': 33.9416, 'longitude': 118.4085}}",2472,"{'locale': '6h 38m', 'hours': 6, 'minutes': 38}",2020-01-03T23:26:59.991-05:00,2020-01-04T03:04:59.991-08:00,"{'model': '738', 'passengerCapacity': {'total': 160, 'main': 144, 'first': 16}, 'speed': 400}"
9110,"{'code': 'JFK', 'city': 'New York City', 'timezone': 'America/New_York', 'location': {'latitude': 40.6413, 'longitude': 73.7781}}","{'code': 'LAX', 'city': 'Los Angeles', 'timezone': 'America/Los_Angeles', 'location': {'latitude': 33.9416, 'longitude': 118.4085}}",2472,"{'locale': '6h 21m', 'hours': 6, 'minutes': 21}",2020-01-04T01:03:32.298-05:00,2020-01-04T04:24:32.298-08:00,"{'model': '321', 'passengerCapacity': {'total': 181, 'main': 165, 'first': 16}, 'speed': 400}"
6692,"{'code': 'JFK', 'city': 'New York City', 'timezone': 'America/New_York', 'location': {'latitude': 40.6413, 'longitude': 73.7781}}","{'code': 'DFW', 'city': 'Dallas-Fort Worth', 'timezone': 'America/Chicago', 'location': {'latitude': 32.8998, 'longitude': 97.0403}}",1390,"{'locale': '3h 29m', 'hours': 3, 'minutes': 29}",2020-01-03T02:56:32.307-05:00,2020-01-03T05:25:32.307-06:00,"{'model': '738', 'passengerCapacity': {'total': 160, 'main': 144, 'first': 16}, 'speed': 400}"
1341,"{'code': 'JFK', 'city': 'New York City', 'timezone': 'America/New_York', 'location': {'latitude': 40.6413, 'longitude': 73.7781}}","{'code': 'DFW', 'city': 'Dallas-Fort Worth', 'timezone': 'America/Chicago', 'location': {'latitude': 32.8998, 'longitude': 97.0403}}",1390,"{'locale': '3h 44m', 'hours': 3, 'minutes': 44}",2020-01-03T04:22:04.614-05:00,2020-01-03T07:06:04.614-06:00,"{'model': '757', 'passengerCapacity': {'total': 176, 'main': 160, 'first': 16}, 'speed': 380}"
934,"{'code': 'JFK', 'city': 'New York City', 'timezone': 'America/New_York', 'location': {'latitude': 40.6413, 'longitude': 73.7781}}","{'code': 'DFW', 'city': 'Dallas-Fort Worth', 'timezone': 'America/Chicago', 'location': {'latitude': 32.8998, 'longitude': 97.0403}}",1390,"{'locale': '3h 51m', 'hours': 3, 'minutes': 51}",2020-01-03T05:50:36.921-05:00,2020-01-03T08:41:36.921-06:00,"{'model': '757', 'passengerCapacity': {'total': 176, 'main': 160, 'first': 16}, 'speed': 380}"
9673,"{'code': 'JFK', 'city': 'New York City', 'timezone': 'America/New_York', 'location': {'latitude': 40.6413, 'longitude': 73.7781}}","{'code': 'DFW', 'city': 'Dallas-Fort Worth', 'timezone': 'America/Chicago', 'location': {'latitude': 32.8998, 'longitude': 97.0403}}",1390,"{'locale': '3h 40m', 'hours': 3, 'minutes': 40}",2020-01-03T07:44:09.228-05:00,2020-01-03T10:24:09.228-06:00,"{'model': '738', 'passengerCapacity': {'total': 160, 'main': 144, 'first': 16}, 'speed': 400}"
8651,"{'code': 'JFK', 'city': 'New York City', 'timezone': 'America/New_York', 'location': {'latitude': 40.6413, 'longitude': 73.7781}}","{'code': 'DFW', 'city': 'Dallas-Fort Worth', 'timezone': 'America/Chicago', 'location': {'latitude': 32.8998, 'longitude': 97.0403}}",1390,"{'locale': '3h 41m', 'hours': 3, 'minutes': 41}",2020-01-03T09:10:41.535-05:00,2020-01-03T11:51:41.535-06:00,"{'model': '757', 'passengerCapacity': {'total': 176, 'main': 160, 'first': 16}, 'speed': 380}"
9558,"{'code': 'JFK', 'city': 'New York City', 'timezone': 'America/New_York', 'location': {'latitude': 40.6413, 'longitude': 73.7781}}","{'code': 'DFW', 'city': 'Dallas-Fort Worth', 'timezone': 'America/Chicago', 'location': {'latitude': 32.8998, 'longitude': 97.0403}}",1390,"{'locale': '3h 49m', 'hours': 3, 'minutes': 49}",2020-01-03T11:05:13.842-05:00,2020-01-03T13:54:13.842-06:00,"{'model': '321', 'passengerCapacity': {'total': 181, 'main': 165, 'first': 16}, 'speed': 400}"
7489,"{'code': 'JFK', 'city': 'New York City', 'timezone': 'America/New_York', 'location': {'latitude': 40.6413, 'longitude': 73.7781}}","{'code': 'DFW', 'city': 'Dallas-Fort Worth', 'timezone': 'America/Chicago', 'location': {'latitude': 32.8998, 'longitude': 97.0403}}",1390,"{'locale': '3h 49m', 'hours': 3, 'minutes': 49}",2020-01-03T12:57:46.149-05:00,2020-01-03T15:46:46.149-06:00,"{'model': '757', 'passengerCapacity': {'total': 176, 'main': 160, 'first': 16}, 'speed': 380}"
1882,"{'code': 'JFK', 'city': 'New York City', 'timezone': 'America/New_York', 'location': {'latitude': 40.6413, 'longitude': 73.7781}}","{'code': 'DFW', 'city': 'Dallas-Fort Worth', 'timezone': 'America/Chicago', 'location': {'latitude': 32.8998, 'longitude': 97.0403}}",1390,"{'locale': '3h 41m', 'hours': 3, 'minutes': 41}",2020-01-03T14:41:18.456-05:00,2020-01-03T17:22:18.456-06:00,"{'model': '757', 'passengerCapacity': {'total': 176, 'main': 160, 'first': 16}, 'speed': 380}"
9972,"{'code': 'JFK', 'city': 'New York City', 'timezone': 'America/New_York', 'location': {'latitude': 40.6413, 'longitude': 73.7781}}","{'code': 'DFW', 'city': 'Dallas-Fort Worth', 'timezone': 'America/Chicago', 'location': {'latitude': 32.8998, 'longitude': 97.0403}}",1390,"{'locale': '3h 44m', 'hours': 3, 'minutes': 44}",2020-01-03T16:16:50.763-05:00,2020-01-03T19:00:50.763-06:00,"{'model': '321', 'passengerCapacity': {'total': 181, 'main': 165, 'first': 16}, 'speed': 400}"
9477,"{'code': 'JFK', 'city': 'New York City', 'timezone': 'America/New_York', 'location': {'latitude': 40.6413, 'longitude': 73.7781}}","{'code': 'DFW', 'city': 'Dallas-Fort Worth', 'timezone': 'America/Chicago', 'location': {'latitude': 32.8998, 'longitude': 97.0403}}",1390,"{'locale': '3h 46m', 'hours': 3, 'minutes': 46}",2020-01-03T17:54:23.070-05:00,2020-01-03T20:40:23.070-06:00,"{'model': '757', 'passengerCapacity': {'total': 176, 'main': 160, 'first': 16}, 'speed': 380}"
4060,"{'code': 'JFK', 'city': 'New York City', 'timezone': 'America/New_York', 'location': {'latitude': 40.6413, 'longitude': 73.7781}}","{'code': 'DFW', 'city': 'Dallas-Fort Worth', 'timezone': 'America/Chicago', 'location': {'latitude': 32.8998, 'longitude': 97.0403}}",1390,"{'locale': '3h 47m', 'hours': 3, 'minutes': 47}",2020-01-03T19:16:55.377-05:00,2020-01-03T22:03:55.377-06:00,"{'model': '321', 'passengerCapacity': {'total': 181, 'main': 165, 'first': 16}, 'speed': 400}"
1676,"{'code': 'JFK', 'city': 'New York City', 'timezone': 'America/New_York', 'location': {'latitude': 40.6413, 'longitude': 73.7781}}","{'code': 'DFW', 'city': 'Dallas-Fort Worth', 'timezone': 'America/Chicago', 'location': {'latitude': 32.8998, 'longitude': 97.0403}}",1390,"{'locale': '3h 36m', 'hours': 3, 'minutes': 36}",2020-01-03T21:12:27.684-05:00,2020-01-03T23:48:27.684-06:00,"{'model': '321', 'passengerCapacity': {'total': 181, 'main': 165, 'first': 16}, 'speed': 400}"
4020,"{'code': 'JFK', 'city': 'New York City', 'timezone': 'America/New_York', 'location': {'latitude': 40.6413, 'longitude': 73.7781}}","{'code': 'DFW', 'city': 'Dallas-Fort Worth', 'timezone': 'America/Chicago', 'location': {'latitude': 32.8998, 'longitude': 97.0403}}",1390,"{'locale': '3h 48m', 'hours': 3, 'minutes': 48}",2020-01-03T23:03:59.991-05:00,2020-01-04T01:51:59.991-06:00,"{'model': '757', 'passengerCapacity': {'total': 176, 'main': 160, 'first': 16}, 'speed': 380}"
7670,"{'code': 'JFK', 'city': 'New York City', 'timezone': 'America/New_York', 'location': {'latitude': 40.6413, 'longitude': 73.7781}}","{'code': 'DFW', 'city': 'Dallas-Fort Worth', 'timezone': 'America/Chicago', 'location': {'latitude': 32.8998, 'longitude': 97.0403}}",1390,"{'locale': '3h 43m', 'hours': 3, 'minutes': 43}",2020-01-04T00:58:32.298-05:00,2020-01-04T03:41:32.298-06:00,"{'model': '321', 'passengerCapacity': {'total': 181, 'main': 165, 'first': 16}, 'speed': 400}"
8860,"{'code': 'LAX', 'city': 'Los Angeles', 'timezone': 'America/Los_Angeles', 'location': {'latitude': 33.9416, 'longitude': 118.4085}}","{'code': 'ORD', 'city': 'Chicago', 'timezone': 'America/Chicago', 'location': {'latitude': 41.9742, 'longitude': 87.9073}}",1743,"{'locale': '4h 31m', 'hours': 4, 'minutes': 31}",2020-01-03T03:26:00.000-08:00,2020-01-03T09:57:00.000-06:00,"{'model': '738', 'passengerCapacity': {'total': 160, 'main': 144, 'first': 16}, 'speed': 400}"
7102,"{'code': 'LAX', 'city': 'Los Angeles', 'timezone': 'America/Los_Angeles', 'location': {'latitude': 33.9416, 'longitude': 118.4085}}","{'code': 'ORD', 'city': 'Chicago', 'timezone': 'America/Chicago', 'location': {'latitude': 41.9742, 'longitude': 87.9073}}",1743,"{'locale': '4h 48m', 'hours': 4, 'minutes': 48}",2020-01-03T05:58:00.000-08:00,2020-01-03T12:46:00.000-06:00,"{'model': '757', 'passengerCapacity': {'total': 176, 'main': 160, 'first': 16}, 'speed': 380}"
2115,"{'code': 'LAX', 'city': 'Los Angeles', 'timezone': 'America/Los_Angeles', 'location': {'latitude': 33.9416, 'longitude': 118.4085}}","{'code': 'ORD', 'city': 'Chicago', 'timezone': 'America/Chicago', 'location': {'latitude': 41.9742, 'longitude': 87.9073}}",1743,"{'locale': '4h 25m', 'hours': 4, 'minutes': 25}",2020-01-03T08:22:00.000-08:00,2020-01-03T14:47:00.000-06:00,"{'model': '738', 'passengerCapacity': {'total': 160, 'main': 144, 'first': 16}, 'speed': 400}"
6676,"{'code': 'LAX', 'city': 'Los Angeles', 'timezone': 'America/Los_Angeles', 'location': {'latitude': 33.9416, 'longitude': 118.4085}}","{'code': 'ORD', 'city': 'Chicago', 'timezone': 'America/Chicago', 'location': {'latitude': 41.9742, 'longitude': 87.9073}}",1743,"{'locale': '4h 29m', 'hours': 4, 'minutes': 29}",2020-01-03T10:17:00.000-08:00,2020-01-03T16:46:00.000-06:00,"{'model': '738', 'passengerCapacity': {'total': 160, 'main': 144, 'first': 16}, 'speed': 400}"
6101,"{'code': 'LAX', 'city': 'Los Angeles', 'timezone': 'America/Los_Angeles', 'location': {'latitude': 33.9416, 'longitude': 118.4085}}","{'code': 'ORD', 'city': 'Chicago', 'timezone': 'America/Chicago', 'location': {'latitude': 41.9742, 'longitude': 87.9073}}",1743,"{'locale': '4h 45m', 'hours': 4, 'minutes': 45}",2020-01-03T12:37:00.000-08:00,2020-01-03T19:22:00.000-06:00,"{'model': '738', 'passengerCapacity': {'total': 160, 'main': 144, 'first': 16}, 'speed': 400}"
416,"{'code': 'LAX', 'city': 'Los Angeles', 'timezone': 'America/Los_Angeles', 'location': {'latitude': 33.9416, 'longitude': 118.4085}}","{'code': 'ORD', 'city': 'Chicago', 'timezone': 'America/Chicago', 'location': {'latitude': 41.9742, 'longitude': 87.9073}}",1743,"{'locale': '4h 44m', 'hours': 4, 'minutes': 44}",2020-01-03T14:38:00.000-08:00,2020-01-03T21:22:00.000-06:00,"{'model': '738', 'passengerCapacity': {'total': 160, 'main': 144, 'first': 16}, 'speed': 400}"
4741,"{'code': 'LAX', 'city': 'Los Angeles', 'timezone': 'America/Los_Angeles', 'location': {'latitude': 33.9416, 'longitude': 118.4085}}","{'code': 'ORD', 'city': 'Chicago', 'timezone': 'America/Chicago', 'location': {'latitude': 41.9742, 'longitude': 87.9073}}",1743,"{'locale': '4h 41m', 'hours': 4, 'minutes': 41}",2020-01-03T16:51:00.000-08:00,2020-01-03T23:32:00.000-06:00,"{'model': '757', 'passengerCapacity': {'total': 176, 'main': 160, 'first': 16}, 'speed': 380}"
9632,"{'code': 'LAX', 'city': 'Los Angeles', 'timezone': 'America/Los_Angeles', 'location': {'latitude': 33.9416, 'longitude': 118.4085}}","{'code': 'ORD', 'city': 'Chicago', 'timezone': 'America/Chicago', 'location': {'latitude': 41.9742, 'longitude': 87.9073}}",1743,"{'locale': '4h 39m', 'hours': 4, 'minutes': 39}",2020-01-03T19:04:00.000-08:00,2020-01-04T01:43:00.000-06:00,"{'model': '738', 'passengerCapacity': {'total': 160, 'main': 144, 'first': 16}, 'speed': 400}"
7713,"{'code': 'LAX', 'city': 'Los Angeles', 'timezone': 'America/Los_Angeles', 'location': {'latitude': 33.9416, 'longitude': 118.4085}}","{'code': 'ORD', 'city': 'Chicago', 'timezone': 'America/Chicago', 'location': {'latitude': 41.9742, 'longitude': 87.9073}}",1743,"{'locale': '4h 34m', 'hours': 4, 'minutes': 34}",2020-01-03T20:59:00.000-08:00,2020-01-04T03:33:00.000-06:00,"{'model': '738', 'passengerCapacity': {'total': 160, 'main': 144, 'first': 16}, 'speed': 400}"
8856,"{'code': 'LAX', 'city': 'Los Angeles', 'timezone': 'America/Los_Angeles', 'location': {'latitude': 33.9416, 'longitude': 118.4085}}","{'code': 'ORD', 'city': 'Chicago', 'timezone': 'America/Chicago', 'location': {'latitude': 41.9742, 'longitude': 87.9073}}",1743,"{'locale': '4h 32m', 'hours': 4, 'minutes': 32}",2020-01-03T23:09:00.000-08:00,2020-01-04T05:41:00.000-06:00,"{'model': '321', 'passengerCapacity': {'total': 181, 'main': 165, 'first': 16}, 'speed': 400}"
1374,"{'code': 'LAX', 'city': 'Los Angeles', 'timezone': 'America/Los_Angeles', 'location': {'latitude': 33.9416, 'longitude': 118.4085}}","{'code': 'ORD', 'city': 'Chicago', 'timezone': 'America/Chicago', 'location': {'latitude': 41.9742, 'longitude': 87.9073}}",1743,"{'locale': '4h 52m', 'hours': 4, 'minutes': 52}",2020-01-04T01:28:00.000-08:00,2020-01-04T08:20:00.000-06:00,"{'model': '757', 'passengerCapacity': {'total': 176, 'main': 160, 'first': 16}, 'speed': 380}"
6156,"{'code': 'LAX', 'city': 'Los Angeles', 'timezone': 'America/Los_Angeles', 'location': {'latitude': 33.9416, 'longitude': 118.4085}}","{'code': 'JFK', 'city': 'New York City', 'timezone': 'America/New_York', 'location': {'latitude': 40.6413, 'longitude': 73.7781}}",2472,"{'locale': '6h 39m', 'hours': 6, 'minutes': 39}",2020-01-03T05:08:00.000-08:00,2020-01-03T14:47:00.000-05:00,"{'model': '757', 'passengerCapacity': {'total': 176, 'main': 160, 'first': 16}, 'speed': 380}"
806,"{'code': 'LAX', 'city': 'Los Angeles', 'timezone': 'America/Los_Angeles', 'location': {'latitude': 33.9416, 'longitude': 118.4085}}","{'code': 'JFK', 'city': 'New York City', 'timezone': 'America/New_York', 'location': {'latitude': 40.6413, 'longitude': 73.7781}}",2472,"{'locale': '6h 21m', 'hours': 6, 'minutes': 21}",2020-01-03T09:45:00.000-08:00,2020-01-03T19:06:00.000-05:00,"{'model': '738', 'passengerCapacity': {'total': 160, 'main': 144, 'first': 16}, 'speed': 400}"
9977,"{'code': 'LAX', 'city': 'Los Angeles', 'timezone': 'America/Los_Angeles', 'location': {'latitude': 33.9416, 'longitude': 118.4085}}","{'code': 'JFK', 'city': 'New York City', 'timezone': 'America/New_York', 'location': {'latitude': 40.6413, 'longitude': 73.7781}}",2472,"{'locale': '6h 46m', 'hours': 6, 'minutes': 46}",2020-01-03T13:58:00.000-08:00,2020-01-03T23:44:00.000-05:00,"{'model': '321', 'passengerCapacity': {'total': 181, 'main': 165, 'first': 16}, 'speed': 400}"
731,"{'code': 'LAX', 'city': 'Los Angeles', 'timezone': 'America/Los_Angeles', 'location': {'latitude': 33.9416, 'longitude': 118.4085}}","{'code': 'JFK', 'city': 'New York City', 'timezone': 'America/New_York', 'location': {'latitude': 40.6413, 'longitude': 73.7781}}",2472,"{'locale': '6h 32m', 'hours': 6, 'minutes': 32}",2020-01-03T18:39:00.000-08:00,2020-01-04T04:11:00.000-05:00,"{'model': '757', 'passengerCapacity': {'total': 176, 'main': 160, 'first': 16}, 'speed': 380}"
1000,"{'code': 'LAX', 'city': 'Los Angeles', 'timezone': 'America/Los_Angeles', 'location': {'latitude': 33.9416, 'longitude': 118.4085}}","{'code': 'JFK', 'city': 'New York City', 'timezone': 'America/New_York', 'location': {'latitude': 40.6413, 'longitude': 73.7781}}",2472,"{'locale': '7h 8m', 'hours': 7, 'minutes': 8}",2020-01-03T23:23:00.000-08:00,2020-01-04T09:31:00.000-05:00,"{'model': '757', 'passengerCapacity': {'total': 176, 'main': 160, 'first': 16}, 'speed': 380}"
6392,"{'code': 'LAX', 'city': 'Los Angeles', 'timezone': 'America/Los_Angeles', 'location': {'latitude': 33.9416, 'longitude': 118.4085}}","{'code': 'JFK', 'city': 'New York City', 'timezone': 'America/New_York', 'location': {'latitude': 40.6413, 'longitude': 73.7781}}",2472,"{'locale': '6h 28m', 'hours': 6, 'minutes': 28}",2020-01-04T04:05:00.000-08:00,2020-01-04T13:33:00.000-05:00,"{'model': '321', 'passengerCapacity': {'total': 181, 'main': 165, 'first': 16}, 'speed': 400}"
1508,"{'code': 'LAX', 'city': 'Los Angeles', 'timezone': 'America/Los_Angeles', 'location': {'latitude': 33.9416, 'longitude': 118.4085}}","{'code': 'DFW', 'city': 'Dallas-Fort Worth', 'timezone': 'America/Chicago', 'location': {'latitude': 32.8998, 'longitude': 97.0403}}",1234,"{'locale': '3h 16m', 'hours': 3, 'minutes': 16}",2020-01-03T02:40:32.307-08:00,2020-01-03T07:56:32.307-06:00,"{'model': '321', 'passengerCapacity': {'total': 181, 'main': 165, 'first': 16}, 'speed': 400}"
9274,"{'code': 'LAX', 'city': 'Los Angeles', 'timezone': 'America/Los_Angeles', 'location': {'latitude': 33.9416, 'longitude': 118.4085}}","{'code': 'DFW', 'city': 'Dallas-Fort Worth', 'timezone': 'America/Chicago', 'location': {'latitude': 32.8998, 'longitude': 97.0403}}",1234,"{'locale': '3h 13m', 'hours': 3, 'minutes': 13}",2020-01-03T04:20:04.614-08:00,2020-01-03T09:33:04.614-06:00,"{'model': '738', 'passengerCapacity': {'total': 160, 'main': 144, 'first': 16}, 'speed': 400}"
6315,"{'code': 'LAX', 'city': 'Los Angeles', 'timezone': 'America/Los_Angeles', 'location': {'latitude': 33.9416, 'longitude': 118.4085}}","{'code': 'DFW', 'city': 'Dallas-Fort Worth', 'timezone': 'America/Chicago', 'location': {'latitude': 32.8998, 'longitude': 97.0403}}",1234,"{'locale': '3h 21m', 'hours': 3, 'minutes': 21}",2020-01-03T06:06:36.921-08:00,2020-01-03T11:27:36.921-06:00,"{'model': '738', 'passengerCapacity': {'total': 160, 'main': 144, 'first': 16}, 'speed': 400}"
4762,"{'code': 'LAX', 'city': 'Los Angeles', 'timezone': 'America/Los_Angeles', 'location': {'latitude': 33.9416, 'longitude': 118.4085}}","{'code': 'DFW', 'city': 'Dallas-Fort Worth', 'timezone': 'America/Chicago', 'location': {'latitude': 32.8998, 'longitude': 97.0403}}",1234,"{'locale': '3h 13m', 'hours': 3, 'minutes': 13}",2020-01-03T07:35:09.228-08:00,2020-01-03T12:48:09.228-06:00,"{'model': '738', 'passengerCapacity': {'total': 160, 'main': 144, 'first': 16}, 'speed': 400}"
8372,"{'code': 'LAX', 'city': 'Los Angeles', 'timezone': 'America/Los_Angeles', 'location': {'latitude': 33.9416, 'longitude': 118.4085}}","{'code': 'DFW', 'city': 'Dallas-Fort Worth', 'timezone': 'America/Chicago', 'location': {'latitude': 32.8998, 'longitude': 97.0403}}",1234,"{'locale': '3h 9m', 'hours': 3, 'minutes': 9}",2020-01-03T09:26:41.535-08:00,2020-01-03T14:35:41.535-06:00,"{'model': '321', 'passengerCapacity': {'total': 181, 'main': 165, 'first': 16}, 'speed': 400}"
6883,"{'code': 'LAX', 'city': 'Los Angeles', 'timezone': 'America/Los_Angeles', 'location': {'latitude': 33.9416, 'longitude': 118.4085}}","{'code': 'DFW', 'city': 'Dallas-Fort Worth', 'timezone': 'America/Chicago', 'location': {'latitude': 32.8998, 'longitude': 97.0403}}",1234,"{'locale': '3h 13m', 'hours': 3, 'minutes': 13}",2020-01-03T10:48:13.842-08:00,2020-01-03T16:01:13.842-06:00,"{'model': '321', 'passengerCapacity': {'total': 181, 'main': 165, 'first': 16}, 'speed': 400}"
3628,"{'code': 'LAX', 'city': 'Los Angeles', 'timezone': 'America/Los_Angeles', 'location': {'latitude': 33.9416, 'longitude': 118.4085}}","{'code': 'DFW', 'city': 'Dallas-Fort Worth', 'timezone': 'America/Chicago', 'location': {'latitude': 32.8998, 'longitude': 97.0403}}",1234,"{'locale': '3h 23m', 'hours': 3, 'minutes': 23}",2020-01-03T12:25:46.149-08:00,2020-01-03T17:48:46.149-06:00,"{'model': '321', 'passengerCapacity': {'total': 181, 'main': 165, 'first': 16}, 'speed': 400}"
7613,"{'code': 'LAX', 'city': 'Los Angeles', 'timezone': 'America/Los_Angeles', 'location': {'latitude': 33.9416, 'longitude': 118.4085}}","{'code': 'DFW', 'city': 'Dallas-Fort Worth', 'timezone': 'America/Chicago', 'location': {'latitude': 32.8998, 'longitude': 97.0403}}",1234,"{'locale': '3h 21m', 'hours': 3, 'minutes': 21}",2020-01-03T14:18:18.456-08:00,2020-01-03T19:39:18.456-06:00,"{'model': '757', 'passengerCapacity': {'total': 176, 'main': 160, 'first': 16}, 'speed': 380}"
767,"{'code': 'LAX', 'city': 'Los Angeles', 'timezone': 'America/Los_Angeles', 'location': {'latitude': 33.9416, 'longitude': 118.4085}}","{'code': 'DFW', 'city': 'Dallas-Fort Worth', 'timezone': 'America/Chicago', 'location': {'latitude': 32.8998, 'longitude': 97.0403}}",1234,"{'locale': '3h 29m', 'hours': 3, 'minutes': 29}",2020-01-03T16:09:50.763-08:00,2020-01-03T21:38:50.763-06:00,"{'model': '757', 'passengerCapacity': {'total': 176, 'main': 160, 'first': 16}, 'speed': 380}"
2923,"{'code': 'LAX', 'city': 'Los Angeles', 'timezone': 'America/Los_Angeles', 'location': {'latitude': 33.9416, 'longitude': 118.4085}}","{'code': 'DFW', 'city': 'Dallas-Fort Worth', 'timezone': 'America/Chicago', 'location': {'latitude': 32.8998, 'longitude': 97.0403}}",1234,"{'locale': '3h 13m', 'hours': 3, 'minutes': 13}",2020-01-03T17:35:23.070-08:00,2020-01-03T22:48:23.070-06:00,"{'model': '321', 'passengerCapacity': {'total': 181, 'main': 165, 'first': 16}, 'speed': 400}"
5757,"{'code': 'LAX', 'city': 'Los Angeles', 'timezone': 'America/Los_Angeles', 'location': {'latitude': 33.9416, 'longitude': 118.4085}}","{'code': 'DFW', 'city': 'Dallas-Fort Worth', 'timezone': 'America/Chicago', 'location': {'latitude': 32.8998, 'longitude': 97.0403}}",1234,"{'locale': '3h 6m', 'hours': 3, 'minutes': 6}",2020-01-03T19:25:55.377-08:00,2020-01-04T00:31:55.377-06:00,"{'model': '738', 'passengerCapacity': {'total': 160, 'main': 144, 'first': 16}, 'speed': 400}"
6444,"{'code': 'LAX', 'city': 'Los Angeles', 'timezone': 'America/Los_Angeles', 'location': {'latitude': 33.9416, 'longitude': 118.4085}}","{'code': 'DFW', 'city': 'Dallas-Fort Worth', 'timezone': 'America/Chicago', 'location': {'latitude': 32.8998, 'longitude': 97.0403}}",1234,"{'locale': '3h 21m', 'hours': 3, 'minutes': 21}",2020-01-03T21:17:27.684-08:00,2020-01-04T02:38:27.684-06:00,"{'model': '321', 'passengerCapacity': {'total': 181, 'main': 165, 'first': 16}, 'speed': 400}"
2882,"{'code': 'LAX', 'city': 'Los Angeles', 'timezone': 'America/Los_Angeles', 'location': {'latitude': 33.9416, 'longitude': 118.4085}}","{'code': 'DFW', 'city': 'Dallas-Fort Worth', 'timezone': 'America/Chicago', 'location': {'latitude': 32.8998, 'longitude': 97.0403}}",1234,"{'locale': '3h 9m', 'hours': 3, 'minutes': 9}",2020-01-03T23:10:59.991-08:00,2020-01-04T04:19:59.991-06:00,"{'model': '321', 'passengerCapacity': {'total': 181, 'main': 165, 'first': 16}, 'speed': 400}"
3638,"{'code': 'LAX', 'city': 'Los Angeles', 'timezone': 'America/Los_Angeles', 'location': {'latitude': 33.9416, 'longitude': 118.4085}}","{'code': 'DFW', 'city': 'Dallas-Fort Worth', 'timezone': 'America/Chicago', 'location': {'latitude': 32.8998, 'longitude': 97.0403}}",1234,"{'locale': '3h 21m', 'hours': 3, 'minutes': 21}",2020-01-04T01:09:32.298-08:00,2020-01-04T06:30:32.298-06:00,"{'model': '321', 'passengerCapacity': {'total': 181, 'main': 165, 'first': 16}, 'speed': 400}"
1706,"{'code': 'ORD', 'city': 'Chicago', 'timezone': 'America/Chicago', 'location': {'latitude': 41.9742, 'longitude': 87.9073}}","{'code': 'LAX', 'city': 'Los Angeles', 'timezone': 'America/Los_Angeles', 'location': {'latitude': 33.9416, 'longitude': 118.4085}}",1743,"{'locale': '4h 42m', 'hours': 4, 'minutes': 42}",2020-01-03T04:29:00.000-06:00,2020-01-03T07:11:00.000-08:00,"{'model': '757', 'passengerCapacity': {'total': 176, 'main': 160, 'first': 16}, 'speed': 380}"
1472,"{'code': 'ORD', 'city': 'Chicago', 'timezone': 'America/Chicago', 'location': {'latitude': 41.9742, 'longitude': 87.9073}}","{'code': 'LAX', 'city': 'Los Angeles', 'timezone': 'America/Los_Angeles', 'location': {'latitude': 33.9416, 'longitude': 118.4085}}",1743,"{'locale': '4h 37m', 'hours': 4, 'minutes': 37}",2020-01-03T08:09:00.000-06:00,2020-01-03T10:46:00.000-08:00,"{'model': '738', 'passengerCapacity': {'total': 160, 'main': 144, 'first': 16}, 'speed': 400}"
7860,"{'code': 'ORD', 'city': 'Chicago', 'timezone': 'America/Chicago', 'location': {'latitude': 41.9742, 'longitude': 87.9073}}","{'code': 'LAX', 'city': 'Los Angeles', 'timezone': 'America/Los_Angeles', 'location': {'latitude': 33.9416, 'longitude': 118.4085}}",1743,"{'locale': '4h 32m', 'hours': 4, 'minutes': 32}",2020-01-03T11:37:00.000-06:00,2020-01-03T14:09:00.000-08:00,"{'model': '738', 'passengerCapacity': {'total': 160, 'main': 144, 'first': 16}, 'speed': 400}"
879,"{'code': 'ORD', 'city': 'Chicago', 'timezone': 'America/Chicago', 'location': {'latitude': 41.9742, 'longitude': 87.9073}}","{'code': 'LAX', 'city': 'Los Angeles', 'timezone': 'America/Los_Angeles', 'location': {'latitude': 33.9416, 'longitude': 118.4085}}",1743,"{'locale': '4h 29m', 'hours': 4, 'minutes': 29}",2020-01-03T15:20:00.000-06:00,2020-01-03T17:49:00.000-08:00,"{'model': '321', 'passengerCapacity': {'total': 181, 'main': 165, 'first': 16}, 'speed': 400}"
875,"{'code': 'ORD', 'city': 'Chicago', 'timezone': 'America/Chicago', 'location': {'latitude': 41.9742, 'longitude': 87.9073}}","{'code': 'LAX', 'city': 'Los Angeles', 'timezone': 'America/Los_Angeles', 'location': {'latitude': 33.9416, 'longitude': 118.4085}}",1743,"{'locale': '4h 35m', 'hours': 4, 'minutes': 35}",2020-01-03T18:57:00.000-06:00,2020-01-03T21:32:00.000-08:00,"{'model': '757', 'passengerCapacity': {'total': 176, 'main': 160, 'first': 16}, 'speed': 380}"
5136,"{'code': 'ORD', 'city': 'Chicago', 'timezone': 'America/Chicago', 'location': {'latitude': 41.9742, 'longitude': 87.9073}}","{'code': 'LAX', 'city': 'Los Angeles', 'timezone': 'America/Los_Angeles', 'location': {'latitude': 33.9416, 'longitude': 118.4085}}",1743,"{'locale': '4h 34m', 'hours': 4, 'minutes': 34}",2020-01-03T22:42:00.000-06:00,2020-01-04T01:16:00.000-08:00,"{'model': '738', 'passengerCapacity': {'total': 160, 'main': 144, 'first': 16}, 'speed': 400}"
8024,"{'code': 'ORD', 'city': 'Chicago', 'timezone': 'America/Chicago', 'location': {'latitude': 41.9742, 'longitude': 87.9073}}","{'code': 'LAX', 'city': 'Los Angeles', 'timezone': 'America/Los_Angeles', 'location': {'latitude': 33.9416, 'longitude': 118.4085}}",1743,"{'locale': '4h 26m', 'hours': 4, 'minutes': 26}",2020-01-04T02:11:00.000-06:00,2020-01-04T04:37:00.000-08:00,"{'model': '738', 'passengerCapacity': {'total': 160, 'main': 144, 'first': 16}, 'speed': 400}"
4043,"{'code': 'ORD', 'city': 'Chicago', 'timezone': 'America/Chicago', 'location': {'latitude': 41.9742, 'longitude': 87.9073}}","{'code': 'JFK', 'city': 'New York City', 'timezone': 'America/New_York', 'location': {'latitude': 40.6413, 'longitude': 73.7781}}",739,"{'locale': '2h 7m', 'hours': 2, 'minutes': 7}",2020-01-03T05:11:00.000-06:00,2020-01-03T08:18:00.000-05:00,"{'model': '757', 'passengerCapacity': {'total': 176, 'main': 160, 'first': 16}, 'speed': 380}"
4856,"{'code': 'ORD', 'city': 'Chicago', 'timezone': 'America/Chicago', 'location': {'latitude': 41.9742, 'longitude': 87.9073}}","{'code': 'JFK', 'city': 'New York City', 'timezone': 'America/New_York', 'location': {'latitude': 40.6413, 'longitude': 73.7781}}",739,"{'locale': '1h 53m', 'hours': 1, 'minutes': 53}",2020-01-03T09:45:00.000-06:00,2020-01-03T12:38:00.000-05:00,"{'model': '321', 'passengerCapacity': {'total': 181, 'main': 165, 'first': 16}, 'speed': 400}"
4524,"{'code': 'ORD', 'city': 'Chicago', 'timezone': 'America/Chicago', 'location': {'latitude': 41.9742, 'longitude': 87.9073}}","{'code': 'JFK', 'city': 'New York City', 'timezone': 'America/New_York', 'location': {'latitude': 40.6413, 'longitude': 73.7781}}",739,"{'locale': '1h 56m', 'hours': 1, 'minutes': 56}",2020-01-03T14:27:00.000-06:00,2020-01-03T17:23:00.000-05:00,"{'model': '321', 'passengerCapacity': {'total': 181, 'main': 165, 'first': 16}, 'speed': 400}"
6973,"{'code': 'ORD', 'city': 'Chicago', 'timezone': 'America/Chicago', 'location': {'latitude': 41.9742, 'longitude': 87.9073}}","{'code': 'JFK', 'city': 'New York City', 'timezone': 'America/New_York', 'location': {'latitude': 40.6413, 'longitude': 73.7781}}",739,"{'locale': '1h 55m', 'hours': 1, 'minutes': 55}",2020-01-03T18:42:00.000-06:00,2020-01-03T21:37:00.000-05:00,"{'model': '738', 'passengerCapacity': {'total': 160, 'main': 144, 'first': 16}, 'speed': 400}"
7962,"{'code': 'ORD', 'city': 'Chicago', 'timezone': 'America/Chicago', 'location': {'latitude': 41.9742, 'longitude': 87.9073}}","{'code': 'JFK', 'city': 'New York City', 'timezone': 'America/New_York', 'location': {'latitude': 40.6413, 'longitude': 73.7781}}",739,"{'locale': '1h 58m', 'hours': 1, 'minutes': 58}",2020-01-03T23:18:00.000-06:00,2020-01-04T02:16:00.000-05:00,"{'model': '321', 'passengerCapacity': {'total': 181, 'main': 165, 'first': 16}, 'speed': 400}"
4325,"{'code': 'ORD', 'city': 'Chicago', 'timezone': 'America/Chicago', 'location': {'latitude': 41.9742, 'longitude': 87.9073}}","{'code': 'JFK', 'city': 'New York City', 'timezone': 'America/New_York', 'location': {'latitude': 40.6413, 'longitude': 73.7781}}",739,"{'locale': '1h 55m', 'hours': 1, 'minutes': 55}",2020-01-04T04:00:00.000-06:00,2020-01-04T06:55:00.000-05:00,"{'model': '321', 'passengerCapacity': {'total': 181, 'main': 165, 'first': 16}, 'speed': 400}"
1507,"{'code': 'ORD', 'city': 'Chicago', 'timezone': 'America/Chicago', 'location': {'latitude': 41.9742, 'longitude': 87.9073}}","{'code': 'DFW', 'city': 'Dallas-Fort Worth', 'timezone': 'America/Chicago', 'location': {'latitude': 32.8998, 'longitude': 97.0403}}",802,"{'locale': '2h 5m', 'hours': 2, 'minutes': 5}",2020-01-03T02:44:00.000-06:00,2020-01-03T04:49:00.000-06:00,"{'model': '321', 'passengerCapacity': {'total': 181, 'main': 165, 'first': 16}, 'speed': 400}"
3447,"{'code': 'ORD', 'city': 'Chicago', 'timezone': 'America/Chicago', 'location': {'latitude': 41.9742, 'longitude': 87.9073}}","{'code': 'DFW', 'city': 'Dallas-Fort Worth', 'timezone': 'America/Chicago', 'location': {'latitude': 32.8998, 'longitude': 97.0403}}",802,"{'locale': '2h 12m', 'hours': 2, 'minutes': 12}",2020-01-03T04:20:00.000-06:00,2020-01-03T06:32:00.000-06:00,"{'model': '738', 'passengerCapacity': {'total': 160, 'main': 144, 'first': 16}, 'speed': 400}"
4029,"{'code': 'ORD', 'city': 'Chicago', 'timezone': 'America/Chicago', 'location': {'latitude': 41.9742, 'longitude': 87.9073}}","{'code': 'DFW', 'city': 'Dallas-Fort Worth', 'timezone': 'America/Chicago', 'location': {'latitude': 32.8998, 'longitude': 97.0403}}",802,"{'locale': '2h 15m', 'hours': 2, 'minutes': 15}",2020-01-03T06:18:00.000-06:00,2020-01-03T08:33:00.000-06:00,"{'model': '757', 'passengerCapacity': {'total': 176, 'main': 160, 'first': 16}, 'speed': 380}"
6720,"{'code': 'ORD', 'city': 'Chicago', 'timezone': 'America/Chicago', 'location': {'latitude': 41.9742, 'longitude': 87.9073}}","{'code': 'DFW', 'city': 'Dallas-Fort Worth', 'timezone': 'America/Chicago', 'location': {'latitude': 32.8998, 'longitude': 97.0403}}",802,"{'locale': '2h 11m', 'hours': 2, 'minutes': 11}",2020-01-03T07:48:00.000-06:00,2020-01-03T09:59:00.000-06:00,"{'model': '321', 'passengerCapacity': {'total': 181, 'main': 165, 'first': 16}, 'speed': 400}"
8986,"{'code': 'ORD', 'city': 'Chicago', 'timezone': 'America/Chicago', 'location': {'latitude': 41.9742, 'longitude': 87.9073}}","{'code': 'DFW', 'city': 'Dallas-Fort Worth', 'timezone': 'America/Chicago', 'location': {'latitude': 32.8998, 'longitude': 97.0403}}",802,"{'locale': '2h 8m', 'hours': 2, 'minutes': 8}",2020-01-03T09:47:00.000-06:00,2020-01-03T11:55:00.000-06:00,"{'model': '738', 'passengerCapacity': {'total': 160, 'main': 144, 'first': 16}, 'speed': 400}"
1127,"{'code': 'ORD', 'city': 'Chicago', 'timezone': 'America/Chicago', 'location': {'latitude': 41.9742, 'longitude': 87.9073}}","{'code': 'DFW', 'city': 'Dallas-Fort Worth', 'timezone': 'America/Chicago', 'location': {'latitude': 32.8998, 'longitude': 97.0403}}",802,"{'locale': '2h 10m', 'hours': 2, 'minutes': 10}",2020-01-03T11:29:00.000-06:00,2020-01-03T13:39:00.000-06:00,"{'model': '321', 'passengerCapacity': {'total': 181, 'main': 165, 'first': 16}, 'speed': 400}"
7716,"{'code': 'ORD', 'city': 'Chicago', 'timezone': 'America/Chicago', 'location': {'latitude': 41.9742, 'longitude': 87.9073}}","{'code': 'DFW', 'city': 'Dallas-Fort Worth', 'timezone': 'America/Chicago', 'location': {'latitude': 32.8998, 'longitude': 97.0403}}",802,"{'locale': '2h 7m', 'hours': 2, 'minutes': 7}",2020-01-03T13:10:00.000-06:00,2020-01-03T15:17:00.000-06:00,"{'model': '738', 'passengerCapacity': {'total': 160, 'main': 144, 'first': 16}, 'speed': 400}"
9072,"{'code': 'ORD', 'city': 'Chicago', 'timezone': 'America/Chicago', 'location': {'latitude': 41.9742, 'longitude': 87.9073}}","{'code': 'DFW', 'city': 'Dallas-Fort Worth', 'timezone': 'America/Chicago', 'location': {'latitude': 32.8998, 'longitude': 97.0403}}",802,"{'locale': '2h 7m', 'hours': 2, 'minutes': 7}",2020-01-03T14:54:00.000-06:00,2020-01-03T17:01:00.000-06:00,"{'model': '321', 'passengerCapacity': {'total': 181, 'main': 165, 'first': 16}, 'speed': 400}"
9763,"{'code': 'ORD', 'city': 'Chicago', 'timezone': 'America/Chicago', 'location': {'latitude': 41.9742, 'longitude': 87.9073}}","{'code': 'DFW', 'city': 'Dallas-Fort Worth', 'timezone': 'America/Chicago', 'location': {'latitude': 32.8998, 'longitude': 97.0403}}",802,"{'locale': '2h 8m', 'hours': 2, 'minutes': 8}",2020-01-03T16:33:00.000-06:00,2020-01-03T18:41:00.000-06:00,"{'model': '321', 'passengerCapacity': {'total': 181, 'main': 165, 'first': 16}, 'speed': 400}"
7145,"{'code': 'ORD', 'city': 'Chicago', 'timezone': 'America/Chicago', 'location': {'latitude': 41.9742, 'longitude': 87.9073}}","{'code': 'DFW', 'city': 'Dallas-Fort Worth', 'timezone': 'America/Chicago', 'location': {'latitude': 32.8998, 'longitude': 97.0403}}",802,"{'locale': '2h 10m', 'hours': 2, 'minutes': 10}",2020-01-03T18:05:00.000-06:00,2020-01-03T20:15:00.000-06:00,"{'model': '738', 'passengerCapacity': {'total': 160, 'main': 144, 'first': 16}, 'speed': 400}"
3318,"{'code': 'ORD', 'city': 'Chicago', 'timezone': 'America/Chicago', 'location': {'latitude': 41.9742, 'longitude': 87.9073}}","{'code': 'DFW', 'city': 'Dallas-Fort Worth', 'timezone': 'America/Chicago', 'location': {'latitude': 32.8998, 'longitude': 97.0403}}",802,"{'locale': '2h 1m', 'hours': 2, 'minutes': 1}",2020-01-03T20:04:00.000-06:00,2020-01-03T22:05:00.000-06:00,"{'model': '321', 'passengerCapacity': {'total': 181, 'main': 165, 'first': 16}, 'speed': 400}"
750,"{'code': 'ORD', 'city': 'Chicago', 'timezone': 'America/Chicago', 'location': {'latitude': 41.9742, 'longitude': 87.9073}}","{'code': 'DFW', 'city': 'Dallas-Fort Worth', 'timezone': 'America/Chicago', 'location': {'latitude': 32.8998, 'longitude': 97.0403}}",802,"{'locale': '2h 10m', 'hours': 2, 'minutes': 10}",2020-01-03T22:04:00.000-06:00,2020-01-04T00:14:00.000-06:00,"{'model': '321', 'passengerCapacity': {'total': 181, 'main': 165, 'first': 16}, 'speed': 400}"
4247,"{'code': 'ORD', 'city': 'Chicago', 'timezone': 'America/Chicago', 'location': {'latitude': 41.9742, 'longitude': 87.9073}}","{'code': 'DFW', 'city': 'Dallas-Fort Worth', 'timezone': 'America/Chicago', 'location': {'latitude': 32.8998, 'longitude': 97.0403}}",802,"{'locale': '2h 4m', 'hours': 2, 'minutes': 4}",2020-01-03T23:53:00.000-06:00,2020-01-04T01:57:00.000-06:00,"{'model': '321', 'passengerCapacity': {'total': 181, 'main': 165, 'first': 16}, 'speed': 400}"
